seed,policy,aging_threshold,wall_s,output_tok_s,ttft_p50_ms,ttft_p99_ms,preemptions
42,sjf_aging,64,54.670,2525.69,996.16,16446.66,23
43,sjf_aging,64,54.602,2531.1,1024.09,16347.32,24
44,sjf_aging,64,58.883,2506.1,1053.63,15762.99,31
45,sjf_aging,64,61.293,2435.4,1028.93,19359.09,36
46,sjf_aging,64,58.628,2472.3,1014.38,19469.78,20
42,sjf_aging,256,54.617,2528.12,1054.05,17403.04,20
43,sjf_aging,256,54.218,2549.0,1026.31,18582.92,17
44,sjf_aging,256,57.645,2560.0,1051.23,17009.18,18
45,sjf_aging,256,60.167,2481.0,1092.33,20465.95,23
46,sjf_aging,256,58.243,2488.7,1016.08,18534.73,18
